0,12.213642872978918,13.778303954312976,-2.399840405640499,3.617202040735794,11.656897320338548,-4.207521905673579,13.27240354028968,5.517068029949559,2.903395233725643,2.9571398300376526,2.0
1,17.781015498647438,17.452301829959424,-7.202841150173495,12.441057662718443,15.381857589882962,16.089728529361864,7.161381978141323,6.000411157951924,3.95563195455297,-4.13091265042363,1.0
2,2.328500904257866,10.488312148201258,5.504604920231772,-10.352617509927484,1.2865992834865136,10.468178074702799,2.9230111195352957,7.118486869613054,6.281868376843764,11.172201384972757,2.0
3,10.813395971215973,12.633040575466609,14.917811877347415,3.098447551930919,5.64333615194486,11.144274260130691,6.139943475801003,5.400538692611703,3.9095087723897803,13.791087534570366,2.0
4,12.31585538012405,17.25594493615814,-0.710800876813579,19.936219321579554,5.168908762488529,4.651730354194686,8.398178425761284,6.3306463337183345,1.9079888172250206,2.5608575630899,1.0
5,20.038099858143305,16.82718764924076,8.622512995532531,9.423351469400478,5.134820415019584,3.9380202096023975,12.434263423561667,5.082069637311207,4.723642307059788,5.9573093859279815,1.0
6,0.35701331553445925,2.252548714118121,7.730284641729744,-1.813340555328094,6.594165075323234,-4.64017087804743,10.155318532155007,6.497929808136645,4.3728700351319185,6.006927643006238,0.0
7,-2.4152880312326417,20.491715995548205,-9.267468651394658,26.139895291815638,2.7521064975727016,3.0687023687557033,7.868535078024562,5.278019217704067,2.661260805376131,-1.0729172412379195,0.0
8,15.287276358216385,19.33123019409472,7.034872815927837,3.5287552789335095,10.22345936886557,0.3222475616416105,10.121438630717641,5.552334932892576,4.8720500187231535,-2.066475479016286,2.0
9,1.9443394444547177,16.49054484507137,-0.15609996414862426,14.416749858921904,4.952175389266966,10.132611751209584,11.780924970326506,6.18847272926355,5.904484152994879,-2.941585518046267,1.0
10,7.73072942118174,8.773704796125417,-1.1414133349976359,-10.840213833044391,2.8983525730773545,-11.061485540306311,2.9094227886135897,4.876262211343549,3.820620872459595,0.06916512944826048,0.0
11,14.000255176180861,-1.260548130938698,5.652043332966486,-0.2705744850956462,9.51432425844446,2.9774122219058112,14.65495705443287,5.485159685043193,4.945644598217659,-1.66424868038237,1.0
12,9.665872013586672,5.244394545649275,2.253989395088097,10.918538852472693,6.015621496942357,-9.181161511081573,11.687531509743545,6.386142128253156,2.6663126047852406,-3.461645692190464,0.0
13,0.30676906168267415,11.05025000236213,0.9730544823440335,5.047998168069581,7.813937912074163,10.008785843384942,4.260844999464951,5.583389802927048,4.399742964428486,-1.0403903982444016,1.0
14,-3.7490008712325196,2.930308783948666,8.776471413236319,13.650822850969703,4.518682467389108,4.548655416501584,13.717031429636785,6.501699713680006,6.357806498821603,8.641833397386288,2.0
15,1.8622339506548684,8.578202729072808,2.5673313150038184,4.860837602356947,-0.9884441347765316,15.853574190743474,-0.10599257881504265,6.058995259332259,2.7509448652650472,-1.6782167854110777,0.0
16,-3.7606762930243693,16.88861938743773,3.3424619771941253,7.1849312190531,12.883999937538661,2.578713710035368,1.4773897654224637,6.482217992867504,7.258671250364928,0.7720295126046316,0.0
17,10.632045772321874,2.1305525729877868,5.291963372366984,11.812988385188936,6.6888565896082435,-2.436926530694844,3.190066311002217,5.752426552904989,4.881406198021075,3.2834951200914335,1.0
18,15.821503710932221,14.783015039882484,14.903840310233608,6.558522419170066,9.685485236918034,8.121542901326928,2.237793541581614,6.298682074500491,6.768077492536802,5.268985366448274,1.0
19,-5.362029607563773,13.39095123025426,4.221794001006812,8.218577199692808,7.836995796178052,7.135155589398922,12.086210540272479,6.113668788194154,7.307056816423564,1.6122854044468153,0.0
20,15.8461848870253,15.631844786274382,7.512837818557797,13.052625562962001,19.910922121172636,2.2674815015632586,-2.0309034431260695,6.323042549151704,2.686481423777176,-3.3474366764393775,2.0
21,10.250331671754116,15.174356592076364,11.008306124709097,1.7033605395107951,5.495746422125184,6.938650421590193,6.767555628249495,5.7588524328204205,7.095858421947852,10.125516368050672,0.0
22,15.514698381701901,0.4480717868023092,-1.1381933561182462,6.090843373026908,1.7509660148546553,6.6204118043368965,3.1437283471887625,5.998658567034537,7.0886476978129185,10.826993300153852,2.0
23,19.508730038678138,-2.615191056888108,13.179258575231362,12.583599639006135,17.568040876669084,7.399700068851033,5.958677721150328,6.003447336195863,4.5888551957935935,-1.7426395947543096,2.0
24,16.820762129067596,-0.12758752798841222,12.074286307436324,10.091546089183415,-1.6731124810027351,2.715157755804414,14.15178555764468,5.81921502491298,3.3779475954509746,3.4954280225658394,0.0
25,13.403001899073814,13.898230739505141,9.255806243015599,-5.457852369946369,4.937546015811265,-1.916375494964699,12.763174994808502,6.207035808186595,5.426155421287185,6.1492799297464975,0.0
26,-4.4946928960077255,10.76726320904304,15.280953380176303,9.26851047237749,-0.43617749480071577,0.7711622570732724,8.744454607608017,5.439517493725621,7.491423147925677,7.893465877132946,0.0
27,10.870003472688348,9.513151572022279,5.206249921460754,17.32845335772093,1.0788803322836111,5.315637720759199,13.561581219274583,7.063629154210154,7.37331276130563,6.003649971193861,0.0
28,1.829764446045628,6.576435088000457,-4.326675269828583,22.049256964720445,4.6495217041429004,10.326993615408062,4.974861800390979,6.352861670432412,4.859151515284375,1.7355776840295767,0.0
29,9.709459252554222,13.048766087146305,8.993411383624995,12.284397422756275,-2.0313030757259662,13.936718127014924,12.110899844762216,5.19680273922452,6.6590915321003115,-2.6032101263423995,0.0
30,2.632338483503837,8.418610561349073,1.6753725159060027,2.344143092096746,1.4043165913968805,7.4834250420005795,9.322051586110945,6.049213442189941,7.9850460306372435,3.58145402625821,2.0
31,6.304622720499171,13.717993093428234,21.734788806250894,5.576002451924517,9.75446528267852,6.304109298085617,-1.290079480731837,6.234878165782266,4.167179639346505,0.9470445080163035,2.0
32,1.8157543244512588,-0.14852225230428928,9.136717421585509,4.733534041622601,1.006726927150507,13.762938194426662,12.760624367600194,5.909155332025344,5.28078560337804,1.6028725067258385,2.0
33,11.906450342435734,8.268029892926096,11.269711016551542,12.285710494582986,8.186010552250057,2.447598378055887,0.22772702793516864,5.974166961062979,5.179643440641363,1.8755876347754428,1.0
34,12.228724743349797,-1.4857284478376673,8.802381950667348,5.677643563481942,15.55927876532617,6.855155868164508,-3.6060243776421856,6.079476634006928,6.5382916489569265,6.14857548349299,2.0
35,11.831065855879299,8.607527602007558,10.896684812119714,13.139696973317115,-3.161644977569206,8.932048194394651,5.18882619372986,6.415544491211227,8.585658640912355,6.065105266491529,1.0
36,13.36120780374998,10.640174913439676,0.27907738340131605,-13.592384511381049,-1.2311195432960877,3.6767261989925135,11.198518922586025,5.926978647372257,7.544845823994349,0.9228205239817059,0.0
37,1.3124686640681915,0.1275783162098243,-5.206724159466341,6.5433009368931945,-3.6160577399150933,11.538372899674899,5.561080252342171,5.833135296483203,5.281670107267981,-5.714944119742637,0.0
38,7.749597779719743,15.855649252903167,-3.437484887472526,12.903288185747176,2.8991530230131444,9.002451446894236,5.7068923362676545,5.75841845393376,4.573266108674415,2.9243307952052064,2.0
39,13.554353499605991,14.94675522735518,1.7674891825114187,6.466481234350119,0.4120065153501047,11.006777982058214,1.1614059918141395,5.68024029998711,6.832871707369371,-10.512397607263908,2.0
40,10.525168495215974,11.494920393806437,8.024761724432135,5.273464624455977,6.203909239450111,6.601294056328742,4.9474644113944874,4.866585967561562,5.212340979486368,-3.428782744810456,2.0
41,8.118176627651144,15.052059088389925,-0.25321625993661456,2.3896465957988786,3.154870362894676,7.768418985273423,2.37869374916817,5.965533726731346,6.179720293258712,3.8418473449246893,0.0
42,10.649413303903787,4.468872492890272,-8.535062319881465,6.642588554214101,7.377731806871704,13.709070683513449,1.8935216802337957,5.988782964797166,4.834283212698981,4.3683393046372725,2.0
43,7.902561518436524,16.03126087390749,10.393898096871425,-3.084327260206595,5.311075016638026,12.50336216439541,13.485241619799716,5.743304026283362,6.244902768875565,0.7859756800504238,2.0
44,8.19751446948587,8.217027409200822,-3.8770954778398634,16.529955393639533,-8.825692822251778,14.174208591237472,-2.290237319434289,6.207537879453168,9.128049656003217,-1.4876485236268249,2.0
45,0.3346948740909035,14.251717137278028,-3.173843307920876,6.891097646906594,-3.0376758495391663,4.013376322986588,12.008364414933187,6.366380797359155,3.9794653609612185,1.0684177728472048,2.0
46,-1.1472078390694964,15.779795516655955,-3.164537864717997,3.6618680960980896,6.277338294472725,-3.5718870509651204,13.812948287318475,6.060497355529634,3.0736769916043167,5.950391342679863,2.0
47,9.138646319622156,18.484567418734073,-9.954124126074653,5.2878431891652,-12.353091384169538,13.110106316181056,12.771266282938726,5.506901063384276,5.876757913555917,-6.587287539787253,0.0
48,5.030952709555015,12.677746854388761,8.50073097612335,-4.847605833105111,5.740494210447319,6.532173680933475,1.8118795816838569,6.0739437814250765,8.639893238882197,2.5928646326008065,0.0
49,7.999694155314127,3.1114924077341266,-3.245126534576195,-11.1526190567091,3.692085671918625,-1.2168117813598673,5.206958059703745,5.462619443959004,7.604000196045446,1.2286071493535635,1.0
50,4.643336522999624,11.748237731900286,-2.6014062984998967,17.066273319435666,13.754095303506155,9.889433605262237,4.183743778497484,6.690381298642889,6.9144679089351975,3.3195776458378505,2.0
51,16.842077629820608,6.278244556129402,10.60991590250276,6.45023658011311,-1.576020159885565,5.062775126366515,10.884778070501177,5.991019920487954,5.3438900002740475,-3.4912888413952885,1.0
52,10.038752115285751,9.719007537310157,9.844253691908133,23.381925883600164,4.580408588843975,3.7063152227452605,13.371666141952687,5.0341761946656,1.6582893347324403,0.25478365669356107,1.0
53,15.90065449317521,17.961107987231934,21.923953823881924,-1.9398166677344948,6.9478265564044035,14.288140687515263,7.107716437275064,6.22869496725695,3.8591729092975076,0.9487527260989493,0.0
54,5.742854846010611,12.396212074031379,-4.881044109230413,8.331710425540718,8.570605508468823,18.903634048474864,7.069090483866306,6.4019327217547985,4.645917930136736,-3.0111298573195997,1.0
55,5.543283558558158,14.10444353022136,0.9444659269045412,8.26187461363849,14.267771836829574,4.1430028200573465,-3.6466219098983803,5.642028745657856,7.827445592907473,-4.959889075797958,2.0
56,10.475311519238637,8.904530467794759,-2.7041648144623966,14.332216289648073,9.824482079104648,-8.5441698651995,2.827787132494498,6.917626395595032,3.2804206922853645,2.311957087644846,1.0
57,13.260755235991727,16.420883172627768,4.986252676631743,3.6036237580282826,13.695023444581818,5.92643394917891,1.867478058114365,5.422715436703191,6.738829761454394,0.9333940353926155,0.0
58,7.595646066678973,13.591273172164268,-5.295342043360885,11.965547827944377,3.3349837988737265,14.10401595150407,3.005599262725607,5.727295842862,7.288593281924914,-8.369849552158419,0.0
59,11.582207100908224,2.870674717536102,-1.5932358122433028,11.452581223499717,2.5878427660600303,7.554461659377429,16.26778108251284,5.608178180979575,6.39189001333528,3.5442830825989833,2.0
60,12.246870820153958,8.684294544583892,7.621752520556461,7.712440124718565,9.941383866380082,13.495918305979838,8.445934616989177,6.067751570810252,8.376843801254692,7.888194930394349,0.0
61,8.439550690817633,12.07780165877728,19.564021161526625,2.4964405448248197,9.245325340300461,6.0204281178574055,3.103688113521429,6.050167202054391,5.010743115452432,11.467257964558145,2.0
62,18.935355859844172,10.505629088741909,3.038417564857027,12.129510549788066,-0.8611486017144578,17.181924373047487,12.066623475784716,5.996550199146736,3.924078012314415,2.3956487550518757,1.0
63,14.818961162271723,3.406435314921244,14.410908483628333,8.603885374609442,11.01378027241634,22.498457693063934,9.032155996294236,5.703224781737886,6.388048516232825,-10.660487453951431,0.0
64,9.518659415095039,1.1521651413023886,-7.132066800702744,11.48056633360878,17.021657185213254,7.849259106342992,-6.151477213785668,5.5385899371403235,1.7770563823412084,-1.254696325822499,0.0
65,9.481390154034123,9.291180845908002,4.222849199486385,8.401432576413308,-2.8566577421636214,19.208486427757624,7.014154438949554,5.786872750943738,5.5411581670453485,-2.9300287101720865,1.0
66,6.6675915544755995,3.464653263492517,12.354303806432677,10.550765035452242,17.658214293158895,6.763615451497952,8.168883685213522,5.4809021640984925,8.37800360315398,5.437864618026966,1.0
67,10.776967768808891,8.222429610423703,9.527440086945916,8.805416786154662,6.2512230584240465,13.980128705771763,7.1407133123008055,4.741885198280667,8.596679669044729,4.511283017974132,2.0
68,7.348600928579187,9.142551791549256,7.384611323838804,9.713635917094274,3.975971697631177,6.109046879140862,-1.5376794343095614,5.634016816538513,5.087743275195643,3.341384576264284,2.0
69,8.714020788764705,0.5890249569627279,5.920734878560765,0.5677978549908627,-9.039514018566312,11.783551975061485,-0.6873926967152393,5.137110109092868,0.5014927306454533,5.221033118782316,0.0
70,7.085876232678869,8.239535469025192,0.007340579724067986,24.795612391766085,4.843050303842338,15.905926203041469,-5.204867296557342,5.74984124706189,3.5846737893778213,0.2358408929330753,1.0
71,4.5544058612894025,9.647526916925262,5.315369266014971,10.001459137930429,15.195715384135074,5.259046435567164,9.401477491098033,5.774505979236928,5.2439792456279655,-1.3331422267441144,2.0
72,8.279634231516654,0.21578548250057494,2.1493268674315313,19.617911271006932,10.6025400869596,6.2189073336694385,11.96609843929294,5.912165638725408,2.984367348084479,-1.2886365174209524,0.0
73,10.053221048922035,13.868401168964095,5.1377241410803665,8.515659262385705,2.02376720203802,4.60323275636339,4.482350555520858,5.663103066655592,6.42761788200459,3.0638941975221154,2.0
74,10.529252028403285,-0.8032517625866138,-1.8553099793456118,3.02049072545707,5.9761846776056515,4.279039349163837,5.043147045339055,5.932155122056359,2.611602767193071,0.6962967712733801,0.0
75,9.010402448834085,5.345466263316699,-9.352189526248349,9.036053815814592,-1.8898301102186963,12.639361535650917,2.575210663535052,5.562389496598517,6.279505492203678,3.7287565594979464,0.0
76,7.177079654091497,3.2601967290140426,8.828737989702478,-5.189063970510765,7.2447404103960285,9.852534092809979,9.8275098722514,5.390371071977814,7.061146975426665,9.180399352365384,1.0
77,14.103530049019877,9.046466863436907,6.604694742727435,18.174330292980017,-6.282707791231359,1.311389807290646,11.992766326763132,5.468130929641088,5.652325470793612,1.0664426995174114,0.0
78,7.947577749501324,16.78868400898055,-3.6891645872816197,23.664572331971574,-9.135276122293305,8.449785120468931,10.6284093455243,6.244163636348385,3.9583664199366453,4.615102309866633,1.0
79,21.603019952663985,9.57792896028495,1.793766286220956,-0.11642600982880325,8.640512760603965,12.507557055591551,8.262561236557488,5.9517872135032475,5.990660382535327,-4.357564000127814,0.0
80,18.76962952210724,14.098187456033799,6.694801202713515,6.69998791230142,-2.4049803550933184,7.521656711732408,14.834524656527572,6.7495635346264935,7.349586831911454,7.681841697345004,1.0
81,4.046733628919198,3.619548409054052,-13.98697732652688,1.4748055513123743,13.973768925658998,21.366904957186023,6.627643486618048,6.515531040587838,2.395264780938084,-2.8951186158848383,0.0
82,16.814414907799502,5.809970247813974,1.6633183913727416,14.160645515439313,4.067601694940706,9.86704478278341,8.411642603783392,5.7458503968519805,0.7523669457189772,0.17331535323258085,2.0
83,12.1356397066961,8.082202033432011,-3.2314523813914278,15.425538275382278,2.0774122643509756,3.771182848694746,0.825445766649942,5.491132817301317,2.6533486422415473,2.6961600692533834,0.0
84,18.69520214548238,6.109972064628087,18.944368975260243,12.448761762277972,5.105740444756342,15.231011177722603,1.5357664226550396,5.827217702266449,3.7137456757316647,-3.1901071843828266,0.0
85,12.435979753831637,12.220716033623535,10.721209656710318,-9.67130566320003,-6.336524425803817,3.8085494403419986,10.2685541753718,5.915468004955778,8.346634621145649,-3.0840165168239793,0.0
86,10.578652285450378,20.649797634617556,7.822237726213084,1.8499897000563301,12.138188997443299,3.5246633863098547,1.813382831458818,6.251360901379907,5.0553057317352295,7.386859061921436,0.0
87,17.621125690205382,2.776710653623754,-15.215957727669498,-4.098007405059106,10.23862388750172,1.778379034289924,3.9342712180841257,5.7051388487014725,1.9393004690253752,-8.817965450275395,0.0
88,12.4716865392929,6.869354306650964,6.060958042319753,4.320328472272155,-3.7132129846804256,0.38724324837692237,9.368544278510896,5.9469810569044075,6.145008032602179,1.7719119388526368,1.0
89,15.029175984544988,7.542268400654452,5.53255391565123,2.2986075206515437,-5.042021100436096,11.797969966894481,6.455326286107118,6.661549179993996,3.127048976431298,6.9434203754356485,2.0
90,11.190163684619483,9.933160884578509,-10.26164587581091,9.212202835265575,5.445591442339463,0.1520774597811796,0.6200422160199723,6.8387051185246825,2.4011313016960325,0.6605436065091201,0.0
91,14.524509341847597,8.681627224136365,5.4374897180978286,8.619982425166743,15.417417235605523,10.882670128570687,4.989932961474237,5.374513180728142,-0.9080216729906985,1.7580773609275722,1.0
92,14.523619281323203,13.176726446920735,12.930402425649035,-11.236127344099362,8.60107117191847,14.96242347344656,9.27948921014846,5.51528865858046,4.4564690319081155,-1.4285498523585114,2.0
93,12.760444256207354,5.092711313446195,26.490318565721797,2.4024963422931354,12.283983437905004,16.56316434527402,13.550223279385419,6.013558157353511,5.753329563548076,1.4352562337333088,2.0
94,13.040948505792093,6.4804425905863345,13.827545158272944,5.113171467182813,-1.3307048214833914,11.238612186393427,13.006188427311645,6.513111343592942,5.5217518868684525,0.13567868627391966,1.0
95,5.228630312182974,2.765466927800925,1.7168654485019657,17.493948516596806,1.9901672332156504,15.573348214603104,1.8218738917634925,6.081979783152427,7.208722201576395,6.874335607211977,2.0
96,18.2429400625481,6.396323585467698,20.07084929930801,-1.0647796557464533,-10.42067571653049,9.6066542436383,3.802290901323055,5.601095474900577,3.3084412298779062,8.507320617836749,1.0
97,-12.586752684572346,15.00442458667943,5.268546537397152,12.789353620433497,2.1086193877720913,13.953720541325193,-0.4356454232776832,5.468004784129386,6.116111627109028,5.4158316138986144,0.0
98,6.545416610493611,9.225250801726617,6.1551191377400665,4.879524174202733,0.05199477732327651,9.995328829838794,4.743495331601822,6.417563154122659,7.356278436215941,1.3158710241306737,2.0
99,12.237404027846177,11.268844526338915,5.977835027998129,19.66396039502213,-13.96747914590971,5.459686121734928,13.700916657543099,5.724956431949758,3.1602655380679776,-2.4236306025814134,2.0
100,9.146112382079302,10.72434752951515,-5.809991556416127,-0.820595148659458,2.5282305543534402,4.001247442172249,4.561717275985998,5.851631897375855,3.665622497196736,-1.273224785125364,1.0
101,9.695391479433669,8.973094606752547,-6.58247002275242,6.268124251964219,7.521953965560069,15.231138687286741,6.912139104082389,6.143619198430192,4.806470212132511,-4.880537642231929,2.0
102,-4.471970962492271,7.766099881980534,2.5527759388316715,-7.559331944003843,-8.604309057698693,7.530791740832408,3.653078663664579,6.363887041915752,4.292108032265342,5.855349741905268,0.0
103,7.428026793568438,8.79908331144925,-3.7939553099252565,12.861511283006182,8.943408601571885,2.6627476588155883,12.224978571306613,5.225705898291764,4.7834581713396185,-2.878132367543925,2.0
104,10.708874869849145,13.52859471675624,10.988360886730746,12.231977020015687,4.7758216438250995,-1.2671785551880674,4.863246283874043,5.742675140987064,7.2242282132119495,1.05357269385755,1.0
105,-7.195182467532636,11.328000547644171,15.412064744956538,3.8666535461735725,6.7043978344056985,3.098701570643316,5.517856094311786,5.764711171133043,4.4589576175636525,9.971694224020336,1.0
106,25.87164727633944,14.4208223645242,-2.455821440249654,3.7165846403288727,-15.070647145302054,-1.794430181582067,12.890782909754508,5.8661854341060105,5.229411003830454,2.054857551004995,0.0
107,2.520970922247173,-3.87942965743923,6.925015405517219,31.84462665714511,11.185354142717458,3.1189496540099784,4.320526593932039,5.433323529795287,5.271407510737738,6.721397730518445,0.0
108,17.746356656180385,15.560230248526274,18.46968164580404,9.342403423248522,3.7274665564746527,15.324122807200578,-0.15968224072819925,6.40472343632284,3.8429868751669285,5.876776219625799,2.0
109,10.03768902414848,5.023546749757251,13.589134925001783,8.326746555374848,9.816817571133498,7.285407000638703,10.68128830914877,6.016175867174974,4.418739572678445,-3.937776546519479,2.0
110,4.5435521064402735,14.062427616013847,20.959795257393395,12.229952804586155,6.908903365619343,17.24607939874842,10.681998138423115,5.65940216885141,7.600511934632267,2.430544055685978,1.0
111,17.013227639711896,7.436746301665638,-16.71551459043277,25.90355661223524,9.536446005072854,9.203254899987806,6.522273700520563,6.378181124886899,9.587884603773155,-10.579503699426274,0.0
112,16.73870671020337,8.244554046430416,3.9268256730356157,21.54649392381471,3.5659764555411524,14.469574541100599,7.815393396624065,6.079505587257173,1.4399952152298825,1.7060151269251,0.0
113,21.106823747020755,11.572722161482584,-3.091970251479971,18.782253653084457,13.161583546040323,-0.8739777585391622,-3.976710414384854,6.660797305260031,2.3302718926295825,8.964604747269249,0.0
114,10.119351702752613,12.479383257492243,11.300827879907608,5.551686097264822,-0.5488765673345721,17.917499905382776,9.591544495465753,5.4369981338381965,5.981456136032589,-2.128766905600995,1.0
115,4.225310720919686,8.628495690628561,17.13879664696117,28.340686038304472,-2.7391027404047312,8.124200353471991,7.5693195217933305,5.70115951131926,4.21010494044295,1.2755720677950348,2.0
116,2.57096233919588,1.2612686773675197,1.2060034374963373,20.502322012694236,-4.4220375125804745,13.291684821221672,2.676249973236988,6.192941592046877,4.117097112434723,2.0758644296154722,2.0
117,13.687233114684188,12.993367887841025,10.456104167711132,7.955998953218635,-3.3995541750939866,10.021051174158057,2.385741005326312,6.009343906428503,2.9762800029913192,5.55762260439597,0.0
118,17.402026468916276,2.494251885020172,4.3980218917170975,-1.69121980725708,11.228589407042463,7.310681794588226,8.595214808753552,6.146218313710818,8.695197711541947,-4.231835679529411,1.0
119,3.7277659235126155,13.676034685044906,-7.299927130718548,10.411321415948342,16.312420451713265,-2.9115792118140984,-0.19383516261105171,6.209984198073416,5.802713847371955,2.1475970983363863,0.0
120,8.26620548284734,12.675115245882642,-5.941048115051392,12.190924788709232,-2.6036501468924964,12.490668070985917,8.734490723846488,6.560507228532039,3.825257461970863,1.4366630591026701,1.0
121,3.3354177109856273,9.624234565350447,12.15471265635188,4.829332547919206,11.123529275008778,1.8190732416614788,5.625940814015885,6.241190382200621,8.920786651938908,-0.5314884382551541,2.0
122,11.70854628442386,11.835060187769695,11.574944059150337,20.118996122251097,-3.0716096147248306,18.45619334914341,5.784440659549574,6.027566339676539,7.851081421948318,-4.621467849436841,2.0
123,-3.808725630696486,8.584489043958524,-1.2732565461685095,6.343005193539483,2.083171546786111,10.05482967839426,6.131384392691619,5.189360170434537,5.8780946147713635,-1.0053951653483224,2.0
124,10.182685511861187,6.017912576287624,-12.363767959906653,17.253872548591218,-4.631892095993389,15.02628018142775,-1.7247384349134158,6.5563975992097845,4.152719214771361,5.74468712666899,0.0
125,8.732193039032133,-0.5804345168301843,29.475301088658785,12.574599290019226,1.7499056323904392,8.753523980795666,5.768344683896589,5.610965763492253,2.1853025787171,0.10242783105367925,0.0
126,7.494498383104208,8.182188648914492,2.4506093876161996,10.265551643325848,13.212328836210386,13.885628957468217,2.7281243001443416,4.991768280752224,6.7902745308294765,5.640054579258711,1.0
127,3.2850802486327373,4.734386401266448,16.89586078406371,24.924740686117637,23.71475157498075,10.535617920211877,12.315574627785633,6.578582364692911,3.447965694391087,-3.669289818148571,1.0
128,5.122685228487309,20.486169220718292,-1.7722466708030593,-3.5585327260978703,15.293908848297175,10.629699780398159,1.19296712196142,6.474973670814685,4.246968049783077,-3.1295857676185186,2.0
129,6.194323732823503,4.930289180574102,6.568230877235317,2.261419480026812,5.5478435841087945,10.109339412697787,0.171941867879986,5.385466291697276,5.028424542295744,-3.4921779756375537,1.0
130,0.9369607271550944,11.1378618486832,3.165669675527428,6.301950450427097,1.317073788682968,3.768171204337057,5.446177573377423,5.337538467943096,3.3926926460218456,-0.530183572196717,0.0
131,2.7345987655520183,17.34588595798789,2.4261241809108713,8.927504890656841,-6.377098409290187,18.805098101676336,5.025941617440937,5.556982833895636,2.6571599821261893,-0.022300377170920926,0.0
132,1.896138544264371,7.618667530771061,10.657778157826863,7.681546850840477,-11.186220656750933,18.015396282530972,12.14137352198701,5.480268248007292,8.932523434134962,8.614679128297697,1.0
133,19.859102074838667,15.913646751289654,2.8114364958628437,31.545363784664325,9.904729571216025,2.4616508659602827,3.413669541420263,5.540853538379638,2.347879276806576,2.2542937369955536,2.0
134,16.083891108211716,12.16297843808134,13.673173387175183,7.7969025493430735,12.236645977524816,-3.1018351911224435,7.455569788709229,6.1803800145433,-0.17524039115883294,-1.895637480362019,1.0
135,15.352281657018878,7.596693782548837,6.941210884686306,9.49796019193114,-6.770892651060341,0.46005980487983944,8.305075594220419,5.838228100117318,5.89101290659168,9.686819791344774,1.0
136,18.593267409974466,0.34805932052281996,-13.4501156019606,-3.3819715479570087,10.005668446914196,-0.23254899317930722,-2.823249885580191,5.788433379762224,5.964065787846629,-1.3033404242354651,2.0
137,6.45299527918181,10.368253897541077,3.3582057224454136,8.5303896247852,-3.647445865736006,11.098071750018068,-2.5288726335965386,5.1253853292870675,3.960606749622743,8.799899217519997,0.0
138,13.175625005023555,18.492739175612243,-1.1687527895709007,15.542837603019137,6.917990684857097,11.753906838168998,9.182790675477667,7.134902336056251,8.357234899097929,-3.514835459063738,0.0
139,10.731309649902089,17.762993257724887,1.7548864685616032,27.597743178935577,-0.5622571967179004,12.067655521731893,3.0812985559286292,5.740024032704046,6.109130121091363,7.385595458800873,1.0
140,7.999213090438943,14.44797995447916,-8.61274283630835,-9.194704976079649,1.967777126093731,15.421438569533564,4.928334273531437,5.044166975889646,3.512947419843927,9.066222738085854,1.0
141,16.08749016909776,12.10244786717017,11.743879018224996,13.849964496170749,-0.6516586633520802,-3.2209023578221743,2.0630227728278325,5.793514537316414,6.075632784840934,-5.838545339721686,1.0
142,12.246452383073779,17.860146824393794,5.086523549225469,13.666002566015333,-5.898648357467992,-0.27495025034923337,12.457594772436646,6.662632974688404,4.589927528166724,1.9576978911757696,1.0
143,17.655181934918694,-0.13273995836934738,8.869484045164484,-0.9082302542695784,19.398840926706963,9.523468926395648,9.583839869982377,6.19043199827511,-1.5450446403485367,17.294342251438596,2.0
144,6.906113889299824,19.489388660530757,-0.576329413349483,2.033864925163167,3.23770330132129,4.504470270040291,13.42512334872449,5.431813176392689,5.850242962758289,-1.3230078702413512,0.0
145,16.60369613637324,11.713706116134599,-11.853254397138219,9.92281169485125,5.274138326337867,4.1688535175453865,0.3922180535882136,7.0434998258244,4.23547143043538,0.0013533252959616604,2.0
146,5.202868648934857,16.529526904866447,5.52420297736249,11.917640098942034,0.8825776420454097,6.097892237664793,7.454462582998481,5.532311561076279,3.685011687735913,4.361218933219673,1.0
147,2.605487607496637,14.824873649372805,7.457160947274206,6.100546538332236,5.319572993057808,11.112305109794002,3.8735311542927393,5.818628747195849,2.880211472641711,9.256474544723206,2.0
148,13.805318886446505,12.014240781473008,-8.592473856946786,-4.959148455883789,-8.679370985746996,17.11642035818089,-2.5033776532209533,6.373581796641801,7.303482497243198,3.9897321411921594,2.0
149,8.907108719914413,2.699011281980262,-1.3329384042970789,2.075066655306536,-10.363918600338323,10.053600160408669,8.450202962723683,5.897390314757552,3.8277767181905413,7.166277893431276,0.0
150,10.192931622684398,10.427453301390145,-2.410433182922647,1.3327324215661953,17.791152757754343,13.413926685097625,5.34822188158796,5.578190085310374,9.028862759552377,-0.46608203828137795,1.0
151,19.23283800892044,16.73522173115738,-3.0171340456887084,14.37170613806948,14.055411598798859,15.557595433352635,11.825352488364537,6.411832304839015,7.903890051316401,0.17243966810851186,2.0
152,24.509708413172227,11.299647867458479,-6.660526596805391,8.164569340056818,4.656581881113801,1.9092537592869778,-8.242747663272784,5.573984671557477,4.123336829049715,-0.3640928338357379,0.0
153,10.213737846232045,15.093083088694367,0.5741192236647334,-6.3303790866884855,-2.614200914652667,12.985042629937421,10.270769762269062,6.8294932101463655,2.648280035251831,3.6626157316901162,0.0
154,15.803851276804892,13.899609242768904,1.7668954409835775,13.574857824680922,-8.826558643559625,10.210783294875487,6.773476382335428,5.839607454087652,4.145404945439167,-8.354380743622622,0.0
155,12.560218847441057,7.4162197483936865,2.024082750896133,22.690359574998332,2.3224254169769005,8.129406674271385,5.156729673822305,5.308717026777529,7.0633013361234,1.4487438559367685,2.0
156,17.319901898384142,9.07673170824999,-9.235103810914307,-4.122378719424828,7.2852363200545875,14.44846446514412,3.7395195541630706,6.034010736410672,5.010632143735179,3.1367740135019853,2.0
157,1.7773061127776852,13.210039879573474,13.358208973108951,1.1832285302061711,9.591614836559582,0.8053446216756361,6.146081412688236,5.664930992324043,0.12090414952321016,3.314066377903936,2.0
158,16.468664392926705,-7.272742477981154,7.6225823230502545,13.76582111324509,-0.5466558971927933,17.598633600447698,0.5620651218700949,5.881122172234583,0.7081652374862424,-2.6400625789590455,2.0
159,3.894370236704378,5.023163302071658,2.4825130349986364,4.486357698038257,-3.100555566311497,7.195717808569966,1.5027576186699614,6.850087852231584,7.695978409296758,2.100070799703194,0.0
160,4.895490024898499,4.512517057507002,12.946636512343265,-2.8299867086588266,7.438102592417641,8.61221295129037,-1.1702575101218358,6.653397904988944,-0.03572634863824575,10.540459321213485,2.0
161,12.143358117419819,8.043664903385345,8.813342487119272,13.855599729791198,5.113794636586764,10.194074033448423,5.113149107476364,6.41723362550872,-3.477432687830075,4.256502720102279,1.0
162,3.3403175858855407,7.0903358438876865,14.370711717646163,10.894893348755923,4.216342557143549,6.597210987223986,9.45194969583762,6.239767355598707,5.944583199745622,1.2448676813439796,1.0
163,14.421370147314533,11.126983403673929,12.738117841321948,2.8941528025721386,0.20444834825712555,14.752691762050738,7.78684625297265,6.310746556320838,7.498843106379653,-0.3729531924409717,0.0
164,3.231394250138151,10.78467660471486,-3.6552948422622036,2.2449130746178554,9.536599713286709,0.3670728239027268,3.4890978072002836,6.302445176593974,6.286780078941256,-1.9277688262154469,0.0
165,1.383035232804124,5.76651149045081,-11.171662149692196,14.294793069156928,10.074265771884447,10.088026089433033,9.54325297104468,6.26937352983679,6.44079353860051,-1.4934764087607981,1.0
166,12.974565017261378,8.132855763073024,10.900188934672421,8.46496154304934,18.466996022051816,-6.99689336806161,-0.5961616129225487,6.046538113578522,2.2933997806868724,-2.241856561693959,2.0
167,12.116936594628607,-0.8892996555972577,-5.286463996674866,11.661111893699402,-3.9387587152102883,8.284485947719029,3.9648473761265377,5.612383524230306,5.823274196459548,8.74877897809414,1.0
168,11.859285959603607,19.139529992145274,8.503003223663859,10.569412123570341,16.823577010791553,13.771214787110459,4.985081678792523,5.689678972544821,3.203032069206529,2.3820781500958876,1.0
169,13.489684622243718,6.365225410566368,-1.6061481002639528,-3.7662197603840886,-10.001523769860576,11.551642888982698,11.244279407306955,6.0391161958758355,6.1384629312614605,6.324440612475261,1.0
170,10.301390685110883,3.812383982903574,3.918066039261209,7.0739630688862984,18.601459739225234,17.125920063342576,8.303106110396339,6.957847916838199,9.098038008324266,-2.942724002989838,2.0
171,7.979302003119331,2.2931153137139244,5.704781356501423,17.33214535958449,10.448216377749903,9.180621575894738,14.851703600346358,5.822494949899126,3.2267330624781767,-1.2727612764526886,0.0
172,13.802357476270025,14.325029869891235,-1.1332806697678537,17.27301114907035,3.6196815907101425,13.847558426361772,1.5090217835051112,5.37208348795024,4.4188090405216744,10.52592841574146,1.0
173,11.884372916721272,6.713359544189024,0.571114933297789,-3.4248587959159495,6.690781187017307,8.0647386880917,7.264287638077646,5.769182594321068,5.885881344912615,3.2914717566315104,1.0
174,4.9381707403481,6.28874844280603,16.499704215258234,15.05554410168474,3.362016888947679,7.63781560322229,-7.143206876512011,5.854759709025044,2.066565774991551,5.83150917685028,1.0
175,14.177433929146558,2.760876985627375,0.18829377028730132,19.631641301927313,12.33532059178755,20.505067537803846,9.47613225027596,5.964426792122728,4.6372244885679414,5.684947952155426,2.0
176,1.032318433219638,7.838805543173483,-0.058054602347644924,10.56369326896476,3.617039302984029,8.97373722002855,-3.815879041068719,5.747072838494116,5.353380118826363,-3.6834686742458533,2.0
177,3.2469387456015575,5.216827830306723,7.471030191434651,15.082140693037115,0.32438624417072504,6.297650072963091,7.255676050036049,5.482659078157898,2.2445279755718417,-5.4677186578447134,0.0
178,18.579637677293093,3.970236009611476,0.276326231256685,15.149164467277553,3.406256974773737,3.557048419228706,6.121274135560352,6.397710633311749,6.115116186674288,0.29859502694762097,1.0
179,14.78033061595418,13.431368354102526,11.873504347501298,5.948623585943022,-9.079951598843174,12.607133549725216,10.387767081625434,6.055118019891702,4.7563629569302535,2.6633987421424963,2.0
180,18.421055706923052,13.896933504008318,-13.35288862768877,-1.0003140667115966,1.790245920693906,4.7284076526232575,8.269583413739575,5.816917519558366,6.287754672536083,1.8282885146430337,0.0
181,14.669859503617598,-1.6919807101389122,8.587018455295123,10.114967602364368,-1.2574610605267127,3.5609692586235075,11.853302294699246,6.008987742929268,7.28779886529369,4.276978701461095,1.0
182,3.5636255816424107,7.1821489443044975,-3.386090370074946,14.51162757163752,5.143730652438002,1.4553264963068946,1.9836205075358468,5.090725010936766,2.3324063078408113,13.979584100335229,1.0
183,8.672838960154024,13.571533039368791,-11.921773903511504,-0.5387111459279419,-5.354770514464785,13.200983989467789,17.454619911493502,6.1133348920471455,2.668160559947077,1.3832814275736243,1.0
184,14.42321109582012,13.010232409322136,6.947250566965039,19.519072525375982,13.331782130331831,9.689014883672753,3.8728286888845433,5.828053410603067,3.938463566207472,-10.118834478907388,0.0
185,15.067103384802028,14.547160492972136,17.621461886685704,14.051931438365205,-0.3365549892413586,12.493229784675457,7.99289775922048,6.0003173211001055,4.979734157436268,-1.4909656333402783,2.0
186,6.935620317278058,4.9052321419961284,16.675104418205105,6.3249612506429775,10.38807599477201,6.6539450665078,3.4495193188444944,6.302907996484727,6.638098418259811,5.7899284206037445,0.0
187,1.2655953056700309,16.455783754704672,16.611433429183855,8.25259920098807,-2.1290109904350443,4.709790868439208,-3.3424462759230416,6.455480912886302,3.127625635705243,17.71563949312321,0.0
188,13.539171742898532,3.7587958984717247,-9.024194556014542,6.009110494461026,5.48413002914933,12.079465002535187,6.352685669450997,5.717302328136057,5.256856977553712,4.494319274180459,2.0
189,17.997026004786925,7.617854070737874,14.626773458416743,3.4103236881742918,-4.664637597639632,4.372256436175963,13.860807848557734,6.802236614748753,2.4704284554724274,5.356250879534885,2.0
190,6.427459798304876,17.03915255440917,-4.106499689750932,12.607393554705999,8.166241400091714,8.174127557509367,4.290728248742371,6.099152101242778,2.4508116191584355,-6.152553344628373,1.0
191,22.335931550814863,16.09442453274262,4.613723855832873,6.508027714753418,10.68986781135417,8.123914416785768,3.9424721532936573,6.915660728220108,2.895870584077798,-8.517784124571099,1.0
192,6.482889273106772,14.345353165476219,-0.38442653957545847,5.528027624721977,13.289009634001996,19.475553532079978,9.662512226746376,5.579612433285537,1.2295983756225444,-1.354844683581044,0.0
193,11.294622332419515,-3.115374992818337,-18.67992494991942,7.722997849219435,-2.762530908303739,11.934027204379387,9.452434763844948,4.833709147064358,3.0423029064725933,0.5749173141595714,0.0
194,28.56117218321321,8.390507393272127,-11.349136731386952,13.73827024815654,19.601935899028096,3.607369181285356,-5.465228091562864,4.634766675016439,4.311633489252005,1.585846967358183,1.0
195,24.983642551182115,13.13090513504549,5.539773794980792,-9.544214193234176,18.145954366459378,13.144382597318078,4.658191074491095,5.991378241450299,4.683470450468809,-2.500796734102777,0.0
196,4.71876539353069,12.536807515312496,-1.9220105582639029,14.592597299100742,1.1462975148328591,11.070816836726195,10.183996135931896,5.8516919131306135,6.03154930191424,3.3750489968797925,0.0
197,4.219444091998338,8.698552361140168,-11.66120123734921,6.336869199073362,15.118959434181352,6.547842775873269,7.766140182876493,5.010224854007163,2.172012647398127,7.485654111443219,1.0
198,13.824084304665266,11.945062849981477,5.177113444574702,11.147919318443547,18.51427701739113,4.3358282755151665,4.970308277263657,6.660374672993355,5.209414869602555,3.971293600276005,1.0
199,18.253126707181163,5.075329882100362,17.268654083898994,12.087054284311556,3.77205573360549,6.6183231623446215,10.633117384328724,5.584936096714365,0.9953423815956368,3.4750911039257106,1.0
200,14.895237779160539,10.023776724771242,-4.807363029654986,8.375874773078007,9.767536682817017,0.741384591548818,0.6612658869158912,6.4295401194303965,2.9074218669018848,-6.262038562558347,1.0
201,9.207983510787479,18.506579186424258,-1.6283333888460012,13.669879248015539,3.9949336402191906,3.8037487279789093,1.5133711120544175,5.005629706130544,7.1962891616621025,-1.0476712950323648,2.0
202,11.158182291597395,4.831567595195967,10.128192343746768,9.299414210605374,2.8915362809920495,13.358059935387114,6.138703970111719,5.899773945971222,5.1652619790679974,10.555998852507459,2.0
203,13.202566021341585,10.555623483917561,16.886950462803068,-1.6295458146474813,15.087707465561394,10.960660665299475,4.517989961929568,5.870474410193935,6.136695733045844,4.325842228148028,0.0
204,8.727556350729092,13.54513796069864,5.326813498752301,11.369674352725305,-11.38081018601002,6.001657612256471,4.445840960776148,5.932123944437279,3.429549627480527,-5.064120687404401,1.0
205,12.677524510206261,5.362146337890297,7.954894405446327,14.273134867034964,-4.244581097675089,13.247958855513883,5.191638370700712,5.477950766727921,3.406544943286022,-5.879160512869823,2.0
206,6.792700334864186,12.393234737760697,3.898001100616299,11.277002970192843,-5.937691252334841,0.2752284432983947,4.67030990445706,5.753067615340165,7.895886771414357,-1.2720851848006107,1.0
207,13.621578670986374,13.34214248047036,17.07245870460426,10.583676518823317,-0.1581601587016115,21.19653055693886,1.3991910082095496,6.182531160685224,10.125323015520154,-7.641620192423801,0.0
208,14.798717829719369,12.176584969893177,1.1137566106681582,-0.7000564307395072,-0.6708244654062332,7.583268836422525,9.406053847604081,5.348973535596328,2.844711030465954,4.334256261505816,1.0
209,7.9764675989307445,8.17663795693907,-8.21984579803599,-1.321967280539412,6.707645929264066,9.515545178739057,0.5853133689754992,6.339706442796653,7.975618316105033,1.8111194069752587,2.0
210,5.615070236238321,12.709648062528561,2.6471090163919326,18.75467600599726,17.241747381809212,13.667848882500381,8.599119405701378,6.472077718613942,6.6358646904290435,-2.044742862933134,1.0
211,9.201346373191626,-5.464219738014606,5.298773110256342,-1.1582096183420747,18.662914238459276,14.800223187225711,4.961789697308901,5.4161933297236375,7.934649392651949,-1.0793243602255915,0.0
212,11.805661311113601,-3.949047641912218,14.168266736135799,10.4229406323179,2.2261262767127263,9.747077996931573,6.758758396859534,6.111748728893656,6.505083268030841,1.8023801134455788,0.0
213,4.654154944358169,1.3640077475794579,3.3722348026648286,-3.6764075116859205,6.885861717453507,8.295447315396839,1.0104635204865469,5.55046518143077,8.497280749244705,3.066408558398863,2.0
214,9.770494927780526,11.358611605699782,-3.5232614794002677,-3.1430144058198914,9.323952322752335,15.498670323763633,4.989246047264331,5.672127048250198,4.246062029891506,4.35072237769884,0.0
215,11.020667168413496,13.61088234271839,7.901825568523169,-4.406549726956967,-3.0207134815683085,11.058621466714488,9.171942984233045,5.4279696164669335,4.556972917062322,7.561721700837979,1.0
216,22.116759057878305,5.059923481184682,4.100529084795468,8.020172446093623,15.367688459979536,-2.341568784352715,1.6208637782966568,5.963921879413914,2.602075214999418,-9.012926919844368,1.0
217,7.255793187033481,8.478435698782832,-13.871268082671893,20.62801652553821,0.0023951562271742333,1.3883365225087463,0.4951070129823094,6.295466115960517,4.050585315376812,-3.3383376085993994,1.0
218,8.472261968067748,11.787696383415573,11.969629768018564,9.037049358161688,5.782639012314739,3.93111234986961,3.8377531790756123,7.166986889977533,3.474285587139665,6.440620407067467,1.0
219,14.40292436906105,-0.9691353267194085,-1.5048883534798607,7.727605964112353,1.9254038545026262,11.968397398533968,11.00278788097818,5.8934473262163225,8.210326829391661,2.2738849546361104,1.0
220,13.410802001587575,8.88059307131076,5.504568506194775,15.891799868270397,1.1789666488376471,11.297881091389765,1.511344796629274,5.608282606173353,3.816822553461608,-3.7837439107837874,0.0
221,9.429034450824448,17.09608863784816,19.806191475208742,0.006074513563324224,-1.2767283485658787,8.220005453817278,7.875758705578667,5.360765646262932,3.774052393958752,-1.0865931804180182,2.0
222,4.190306529610584,16.6902699838158,-1.498030587961522,24.521276225109556,20.57088205020367,6.137259597664581,4.086264228753894,5.252393164276477,3.6437244284172294,2.2440708924328163,1.0
223,14.824375524837539,11.107856788600488,15.305872559448037,21.21675300486055,-3.5636043859549966,11.72309177083839,12.555453455706832,6.271354547179505,6.71746104645573,-6.8209567224179715,2.0
224,4.6517073614624715,13.767796662608067,-1.90968495277368,4.991612860272859,4.50655418545444,21.806278482453955,5.437353545882075,6.089030280072186,5.507279783284909,-0.7524348753260723,1.0
225,10.735575384803091,18.91172713726572,8.594380439641176,2.777048533152497,10.786117106155618,9.497845092388685,13.483537877449802,5.992647732923228,3.1148198380047734,8.547334718563937,1.0
226,8.294841329601592,8.007671023333252,-16.85843122275695,5.0961820532403,-17.30603231583912,13.388911069136622,11.264756718445103,4.8993929515209835,7.263239698215212,-2.0007272547469075,0.0
227,5.950854405092869,5.279122235078282,-1.5832033875262201,10.754739710277665,-12.401368310546403,3.9158863439173732,6.478900469760041,5.205326832156562,1.4086963022859211,-3.7314231765222132,0.0
228,11.23695714268841,7.14054327729834,-1.2836990784316447,17.274922790646883,3.7892085476560027,10.014229988120405,10.100294741863049,5.663621701743726,5.194290214425973,5.739038861550377,1.0
229,1.5918477978163459,11.673025482745391,3.803423208399866,7.840591620871612,-2.8939650711659706,2.197958766804719,3.183344063950939,6.280035844241573,0.6216756460530863,-1.4669885443204238,1.0
230,12.28947628135867,6.134327620770359,-2.2269568595162674,6.19988103119657,10.74840232872995,10.082944521281949,0.5192530118381313,6.467951822131088,4.41691501705333,-2.0292492616685083,2.0
231,12.457713196349843,24.146010255565493,10.931005387175972,5.123397267444793,-2.3554171511426727,17.162080793285266,-5.483283709433486,5.7737925165921515,4.748454738777258,-1.8213449264060164,2.0
232,7.706955866932187,4.665976600679976,9.187206481683614,6.856380599402316,9.007798060505827,9.764495038388937,4.51513216562771,5.842158965518373,7.35883105233636,-0.0033737161556273154,0.0
233,7.75783529546724,9.127227832545417,4.680420184322057,4.318629232130738,-23.208319327640726,4.032881671294341,-3.562490354681673,5.935907929482388,4.053625907868326,-1.6577463806264066,2.0
234,4.6598594314515385,5.588648426530754,4.9701011691348205,22.84696097832356,13.902898879772994,3.5759551553863886,11.435909945010666,5.533599528738551,4.269735598444989,1.0323087770234283,0.0
235,4.90417849995378,12.909217643069368,14.032570408212454,10.176391593484055,12.403493843336552,8.152605763891094,6.87061167707043,6.849898900623736,3.1215829210745554,9.368351272502476,2.0
236,8.879660452925727,11.222162141755565,-4.063899045450724,10.303450027278442,-2.7411579792525185,2.323572023128098,-3.2872109212313187,4.999841282936505,0.905801044899766,0.9326511273064297,0.0
237,12.893898647778439,7.118822687132745,12.50610109298038,1.189688555565791,-9.938555501355651,7.9886168148742325,-2.119606714196463,4.985232145556857,4.35014256873006,-1.2468742572439007,0.0
238,6.327525903759323,9.664340770830114,-0.5396446590268651,19.040570840974144,-4.480023723581922,3.7663140269100213,3.0235153576285643,6.219839610628882,8.138712012096327,-4.080550675082133,2.0
239,17.23045886265589,11.139682399279417,12.90621406329618,14.970423513770317,-8.555465754368804,2.323328428528524,3.7915607661296864,5.691025111420851,0.09485750429491979,-2.4602318007486543,0.0
240,1.3180067770222124,24.73707879345715,-1.044025061527476,17.342819328093405,-9.643476712571061,-1.1464145483531727,10.682280712756924,5.474966423471064,5.634676451436688,3.1565625813237053,0.0
241,15.298286311620165,15.442863236673325,-4.0342163457623395,9.884332037988305,6.703123755445588,-0.9352671935271601,2.622040403526255,6.483507292018311,4.3360189181161175,2.4841918991395535,1.0
242,19.33833222481723,8.370908709601624,-0.4807040765183803,5.356207205924395,4.760110330520017,9.314070006208855,7.964700927646291,6.153778871481058,2.720041459299575,4.624817597729341,1.0
243,-0.5106119746387172,7.796203747138504,-5.118434820648896,3.593388297092141,2.6834648612868146,11.58973344146033,7.905377542080814,5.643177998155597,3.2318905179991173,-2.4682870362472356,2.0
244,11.743860068255088,5.036906647402938,0.48048005662941495,7.965941596702518,-4.052244000272055,6.652569374442793,-2.1663318564868836,5.207099818016784,6.451103477213859,2.2704927114571327,1.0
245,10.941313603123566,12.583696245156005,12.416458824240198,5.543887617289796,4.964798289540832,6.190919169445044,10.321906639238579,5.849111044808784,4.392528361286319,8.713732548913963,0.0
246,5.064341779525935,1.1933678862638288,16.97809032020328,-0.8854589834381406,3.0006609023709965,22.06916001971779,7.395842581229802,5.796026891623283,5.693038599734986,10.808876803062129,2.0
247,2.976738933064019,7.152907839032277,20.698486646651688,15.121216128771696,15.843401312708,11.085909150777074,3.465741699491276,5.597527358739155,4.066181962753063,-2.662770309946807,1.0
248,16.92487129460206,25.124293582667413,-3.7240012717168254,20.05356787685887,13.817996348834743,12.461159868969084,13.6424635683178,6.482291011094741,5.695065908579648,1.664283249529763,0.0
249,6.758560355325751,6.278429891751351,17.1927434175719,1.2597382169988913,0.11630941304386244,10.93031278352694,3.2118894990958204,5.785340100327412,2.250094159206861,1.3562492100542543,2.0
250,13.63883501912066,14.32483021404602,8.950347560915988,7.618281404033429,16.030707433389686,9.237659048546979,12.851314517481427,5.926246424334938,6.230314377231393,-1.4766942154269664,0.0
251,1.8697481670369154,11.40267757107425,-4.618464050081179,18.982877970599723,14.03908502972006,8.696440944183859,-0.5834874375172658,5.927510240321714,3.225170213102874,14.236557798811681,0.0
252,7.815837305358972,8.50417110502591,-8.63899122726567,10.38356095641144,6.677738783579274,4.531567858742961,0.4513434062238577,5.614077836522454,1.781196839634585,9.037697469756475,0.0
253,2.9387200600173147,10.750623208690174,18.332103097909055,19.7658393564597,11.182367446593968,-1.4375591625465276,1.391303900887336,5.789361239229782,3.0251939199208553,-4.296838591445568,2.0
254,4.270745377513279,9.252117189657506,6.755046945424869,5.180192703211205,5.929261799922451,14.689439679969649,6.450263715139088,5.661026442029046,9.674596846926281,1.262104479930169,2.0
255,12.181895063310947,19.719138996182274,-8.28411637434079,2.0689632991186073,11.9323047411856,8.62166026935298,2.1194921760426464,6.271741228178605,3.6424178477326956,4.90681507256058,2.0
256,12.211744908913719,9.131246906802403,6.032513574789333,11.869119479500817,18.064001273362,0.9530814941584564,2.1391677123045016,5.748368238657599,3.75737828373394,-4.430817857383735,1.0
257,9.154869774989962,12.502777265395114,-1.2121687063672866,8.236577948800404,5.949663975055875,7.780827234025935,3.1584158113935756,6.6767230978364385,6.915010088052767,4.651013049875185,2.0
258,23.148711915255795,8.210794478674835,-1.5378300295054137,-14.771656389946585,-0.2296985335145667,10.124370683924216,-4.183052481981392,6.2159487403770886,3.9389413859302023,1.8056171405075498,1.0
259,8.754265629770009,12.681525429584221,15.602050878462897,7.735929075690589,8.638262186282944,0.9988058998281408,0.8079173722872213,5.418092962499339,8.730121601969646,-7.365125051532571,0.0
260,11.090615230227325,10.531871035879727,9.914480811760832,7.5753688286323175,-7.258324814563703,7.282359625343354,5.682050435130374,5.898651076675681,7.447453416436579,6.715359176274457,2.0
261,11.608531175172018,2.5865662176255704,0.1562557782926257,8.861709988397667,8.961530947113115,12.144632412358064,5.266144383525575,6.146566153157882,4.107202418968906,3.857306688534612,1.0
262,9.052192268176285,13.390824204833084,15.662722973520342,8.372862363162456,6.867139693961874,5.957196433895668,7.610216713211603,5.844436245472705,4.237786053446009,7.05018901131297,0.0
263,12.541942217686056,13.485985935131243,-4.734938942276108,14.268654757537611,5.814814284419553,6.0607133059575125,2.958193652739271,5.7084943753361514,3.8669492859927352,9.390831634392796,1.0
264,9.6691353135224,13.360430008824212,-0.844036468974581,3.5604550731989013,8.749398267547516,-4.291158856074178,7.478900590990764,5.661172710600248,5.42585642768355,-2.620071558225905,2.0
265,-0.3772853945790402,8.374904181975309,-3.1974212302020595,11.295504405923039,14.503924169366059,13.785227223339126,-5.340770082211476,6.307361524374888,6.003222153657145,6.7046037914303085,0.0
266,15.896234432568217,8.311645195250412,20.702075645989513,14.095705560706495,5.689490368549818,5.934155804233131,8.66002466470751,6.007915457373367,3.6258026971897035,7.937244832867099,2.0
267,9.620877625525717,4.311168514897634,4.149333276438909,24.856927023249906,2.926881023718428,-0.9034812586321781,0.18905090998293073,6.008590872956651,6.212110545390301,-1.31743556523871,1.0
268,0.029608534286268196,11.84738416191886,6.2349264179987856,-0.726792163788379,1.9245312696880648,5.794103925231755,0.993342717187284,6.155081336501715,8.161167180546965,-4.5149877396376,2.0
269,9.248480850156904,9.273304798898108,12.431460928374138,14.84509001946715,-11.521635618880612,5.580020510434069,5.875738438156705,5.683081800905599,9.940361269783473,0.4442808767301174,1.0
270,9.662285469109044,0.9179271287701614,15.98879424954956,6.9539938196352775,5.394905655681729,5.344846395818836,7.9855947933135045,6.850918893382036,5.060649631882287,1.2575456830543146,2.0
271,20.771683731774182,14.904855461507541,14.646844785337162,23.062248213683333,11.57808909821188,8.784444009340097,6.237984306076805,5.806124164186555,5.7743005873404405,-2.3663230462688105,2.0
272,11.346932801777822,21.817233564287115,-16.75278920881239,18.069233022344672,3.445975400468676,14.22050650993786,11.733669758514765,5.839455281512152,3.5534201289878586,9.79232547450295,2.0
273,15.86273988067597,6.296012883067824,8.144840696916546,-1.6644920495500886,19.379137661888905,5.907894172092221,2.796994213326837,5.944768767988442,2.2803302916466044,1.256113928011144,2.0
274,10.197797582405874,4.7334116653570435,-0.8782346231751434,6.410532122793275,11.78749291310591,3.5422245207506258,8.09567978562808,6.462042672389378,4.9191365346100575,5.203873888232764,0.0
275,9.297204338182771,12.066411200004541,24.404204209292896,10.027428927109073,-1.5787030019430324,12.246617446091815,0.9834346138861614,6.067216559349779,3.567525238718599,-2.746549930183585,2.0
276,4.51583434373245,19.300077609816054,-5.640768972577692,10.627103200154176,1.5958364241825227,17.034314898057556,12.909734728549658,5.863005558981128,7.161925579815459,4.180913869786355,1.0
277,12.210736816396375,5.85546998978364,17.386994602463993,11.499999945635922,-5.709626894832982,12.6785117090938,2.8085994229522497,5.9296330302075875,4.575910186663012,-0.6495630870679696,0.0
278,12.406781370225527,12.815638597238218,0.35200660006856044,-2.7985917224086867,1.3127918693786755,4.024711968684274,13.488398046668333,5.545139825931974,5.9543342246168685,0.4684250767667859,1.0
279,5.345723495969717,0.6990757463059776,7.455705073236517,-5.816685124616414,-9.637672266360052,-1.6300907085035359,2.091891977647237,6.040463195530498,1.9198446305507435,-9.875717891043415,1.0
280,4.777541608049686,-0.7386071609153166,-8.198271598175399,12.744449085846528,-0.5990931502624717,9.201896941805012,10.556669989153349,5.573276176095377,2.4050892329687965,3.118476852054927,1.0
281,12.980913095330692,6.784437228595588,-10.244100803380327,6.382314614102084,-2.741523626481235,13.202544025725704,4.618066844005831,5.863537923414781,8.550117906062633,-3.075742836083667,2.0
282,7.30461036223657,9.267443272718646,-9.58778268991189,20.35292261112542,-3.6030552646746887,6.767314431105689,-2.7823552405569814,6.077573612304983,2.6644709071974253,-0.216960360594447,1.0
283,14.851851196039647,7.606452813621827,3.273202033525828,-0.8329483697476059,0.5950072428852331,4.062599888268895,10.776271265927424,5.87596861577711,5.251463310537615,-1.7721855163822273,2.0
284,3.647480196975282,8.831663552803859,11.8156319040584,1.4812425253363894,-1.53490821107708,4.276584254524729,13.34420620573631,6.238319168817487,3.920963638174043,1.7995563434225903,1.0
285,11.772858989441472,9.517053763824252,-3.102571004905376,17.524735425081595,11.992405604370711,-1.1703503905834296,-3.452571391754132,5.579798932929077,2.6382672300813392,-6.88084329924699,2.0
286,13.504891890934472,8.99310169522216,7.2666278055042985,13.660493553044777,18.013647548313973,-4.585101990856732,1.047172382335698,5.355904291464862,5.220828476874756,5.911856598762683,1.0
287,7.117658446527279,20.699079646043174,6.213939788429771,18.339209582711202,2.5380132580507366,11.227088599483654,-3.4361975294750486,5.1856308288577155,9.586020186350664,-1.7602388711748873,1.0
288,16.153242401777845,6.435123021633402,4.146352229814825,-6.308506286437782,4.153409676929204,0.7358893158939983,4.532560591204487,6.219231634455249,7.9869398081422105,9.756382938954907,0.0
289,13.555117103090812,6.088613500416027,1.018338750043108,23.222676887851325,4.076722197304088,2.919958272870616,3.9516009706167328,6.012206946176397,7.511229377784899,-8.524100897058725,0.0
290,10.84053103318,5.721867084793454,13.03080711779473,18.489101793969674,-3.0380474252595047,2.4500900213916665,6.574083918560627,5.776638944591625,3.0904783619653884,-6.1973051025006525,1.0
291,1.3150823758443,3.395359350298558,7.552957349329463,1.1465096027180532,1.3619764234735956,7.4586959877199615,3.365889236459949,6.304621330749206,8.197602429336754,-4.546993805980773,2.0
292,13.675002574827047,11.311804342463276,9.71720791626511,7.363802064633827,8.617028077004706,0.2531829435951938,-1.5540543511568448,5.45454699297444,4.42979008075199,2.177189252851943,0.0
293,-2.211557726468497,5.127597635923904,19.480218343069723,3.9934526158564556,-7.878643030850973,10.794047752916393,14.448819776561237,6.102642803535212,5.704243085033165,2.7218552234849516,2.0
294,4.658972421927287,0.6437761505992601,-2.954850847915032,5.730187558896916,13.989977103414297,9.397567280904754,3.8846878042111417,6.0769758987081985,2.534325518798419,1.3990456568934062,2.0
295,9.730552585518259,2.949557752005922,-4.61887352680109,16.235747485330208,-6.289616169485648,10.38954767708191,8.97671674248666,5.72940573554319,4.277591766818979,9.023780967566319,1.0
296,6.031382980073461,7.613566227646658,-6.824104385713713,10.751365733869044,-3.620209840880917,9.443756889250272,4.995409686705728,6.102045450562518,7.026484673708538,5.418868543499851,0.0
297,-3.692584744023444,3.954358512182738,14.699852029668481,-6.275137102157822,0.0458492855579582,7.243347110427365,3.626690830137572,5.550140380515716,2.988472114553763,6.216047820093795,2.0
298,12.32913981147483,10.024987822819195,2.660628960629423,9.735009387548399,4.96012856213301,3.425341757633629,10.335891238214868,6.1134148936231085,0.9551045957084128,7.9475447689279015,1.0
299,9.458874425564966,13.071472430417213,-15.403096908131651,10.928269046478404,16.940770985545765,6.433888789760512,10.53956788104331,6.250337441850011,-0.17535380733227335,13.108942019232192,0.0
